corruption,scale_bin,severity,count,miou,dice,accuracy
clean,s1,0,708000,0.907917,0.949356,0.998743
clean,s1,1,708000,0.559029,0.622906,0.967073
clean,s1,2,708000,0.905807,0.948079,0.998655
clean,s1,3,708000,0.558828,0.622657,0.966966
clean,s1,4,708000,0.910569,0.950958,0.998737
clean,s1,5,708000,0.902059,0.945791,0.998638
clean,s2,0,3561000,0.790226,0.868790,0.989773
clean,s2,1,3561000,0.811840,0.885222,0.991353
clean,s2,2,3561000,0.799721,0.876108,0.990488
clean,s2,3,3561000,0.832684,0.900317,0.992841
clean,s2,4,3561000,0.789276,0.868050,0.989687
clean,s2,5,3561000,0.787261,0.866466,0.989578
clean,s3,0,14128024,0.850289,0.914026,0.977971
clean,s3,1,14128024,0.809794,0.886494,0.968977
clean,s3,2,14128024,0.795217,0.876101,0.965251
clean,s3,3,14128024,0.848355,0.912755,0.977580
clean,s3,4,14128024,0.802242,0.881115,0.967290
clean,s3,5,14128024,0.811195,0.887457,0.969507
clean,s4,0,42030280,0.836034,0.908051,0.939461
clean,s4,1,42030280,0.834075,0.906836,0.938470
clean,s4,2,42030280,0.843476,0.912674,0.942800
clean,s4,3,42030280,0.834985,0.907410,0.938834
clean,s4,4,42030280,0.842307,0.911948,0.942303
clean,s4,5,42030280,0.826122,0.901867,0.934495
clean,s5,0,44485570,0.853513,0.920963,0.921040
clean,s5,1,44485570,0.851263,0.919654,0.919692
clean,s5,2,44485570,0.858751,0.924005,0.924050
clean,s5,3,44485570,0.856651,0.922790,0.922808
clean,s5,4,44485570,0.853511,0.920964,0.921007
clean,s5,5,44485570,0.859618,0.924510,0.924519
fog,s1,0,708000,0.558828,0.622657,0.966966
fog,s1,1,708000,0.917083,0.954844,0.998912
fog,s1,2,708000,0.927895,0.961182,0.999102
fog,s1,3,708000,0.912018,0.951823,0.998859
fog,s1,4,708000,0.889172,0.937777,0.998520
fog,s1,5,708000,0.870479,0.925751,0.998155
fog,s2,0,3561000,0.791868,0.870066,0.989905
fog,s2,1,3561000,0.694195,0.784927,0.980242
fog,s2,2,3561000,0.619722,0.707148,0.963519
fog,s2,3,3561000,0.632247,0.721153,0.966709
fog,s2,4,3561000,0.643256,0.732574,0.971106
fog,s2,5,3561000,0.650627,0.739996,0.974272
fog,s3,0,14128024,0.797364,0.877639,0.965883
fog,s3,1,14128024,0.773918,0.860266,0.960480
fog,s3,2,14128024,0.823269,0.895734,0.973417
fog,s3,3,14128024,0.791373,0.873161,0.965353
fog,s3,4,14128024,0.807077,0.884496,0.968946
fog,s3,5,14128024,0.782755,0.866590,0.964724
fog,s4,0,42030280,0.840819,0.911014,0.941767
fog,s4,1,42030280,0.842571,0.912070,0.942884
fog,s4,2,42030280,0.838045,0.909274,0.940689
fog,s4,3,42030280,0.825927,0.901600,0.935823
fog,s4,4,42030280,0.804116,0.887643,0.925074
fog,s4,5,42030280,0.801355,0.885768,0.924364
fog,s5,0,44485570,0.856066,0.922449,0.922490
fog,s5,1,44485570,0.856146,0.922498,0.922515
fog,s5,2,44485570,0.846810,0.917047,0.917100
fog,s5,3,44485570,0.833565,0.909224,0.909287
fog,s5,4,44485570,0.827000,0.905302,0.905382
fog,s5,5,44485570,0.818240,0.900022,0.900168
gaussian_blur,s1,0,708000,0.899847,0.944433,0.998588
gaussian_blur,s1,1,708000,0.938867,0.967468,0.999260
gaussian_blur,s1,2,708000,0.937686,0.966799,0.999234
gaussian_blur,s1,3,708000,0.946521,0.971769,0.999342
gaussian_blur,s1,4,708000,0.942659,0.969608,0.999268
gaussian_blur,s1,5,708000,0.919418,0.956225,0.998963
gaussian_blur,s2,0,3561000,0.802892,0.878513,0.990744
gaussian_blur,s2,1,3561000,0.791385,0.869648,0.990162
gaussian_blur,s2,2,3561000,0.793922,0.871599,0.990459
gaussian_blur,s2,3,3561000,0.750967,0.836779,0.986402
gaussian_blur,s2,4,3561000,0.779723,0.860479,0.989120
gaussian_blur,s2,5,3561000,0.703286,0.793723,0.981300
gaussian_blur,s3,0,14128024,0.847995,0.912581,0.976835
gaussian_blur,s3,1,14128024,0.839163,0.906623,0.976011
gaussian_blur,s3,2,14128024,0.858324,0.919223,0.979946
gaussian_blur,s3,3,14128024,0.790797,0.872710,0.965420
gaussian_blur,s3,4,14128024,0.813534,0.889044,0.970509
gaussian_blur,s3,5,14128024,0.804480,0.882621,0.968546
gaussian_blur,s4,0,42030280,0.858644,0.921942,0.949628
gaussian_blur,s4,1,42030280,0.839463,0.910177,0.941108
gaussian_blur,s4,2,42030280,0.839678,0.910314,0.941167
gaussian_blur,s4,3,42030280,0.833902,0.906694,0.938737
gaussian_blur,s4,4,42030280,0.841330,0.911315,0.942173
gaussian_blur,s4,5,42030280,0.841664,0.911562,0.941885
gaussian_blur,s5,0,44485570,0.854310,0.921430,0.921460
gaussian_blur,s5,1,44485570,0.857375,0.923209,0.923244
gaussian_blur,s5,2,44485570,0.856482,0.922692,0.922711
gaussian_blur,s5,3,44485570,0.832332,0.908485,0.908599
gaussian_blur,s5,4,44485570,0.856421,0.922656,0.922682
gaussian_blur,s5,5,44485570,0.836343,0.910869,0.910987
shot_noise,s1,0,708000,0.907917,0.949356,0.998743
shot_noise,s1,1,708000,0.930283,0.962564,0.999107
shot_noise,s1,2,708000,0.883499,0.934187,0.998314
shot_noise,s1,3,708000,0.934660,0.965076,0.999167
shot_noise,s1,4,708000,0.932475,0.963825,0.999138
shot_noise,s1,5,708000,0.937279,0.966568,0.999223
shot_noise,s2,0,3561000,0.801941,0.877796,0.990652
shot_noise,s2,1,3561000,0.805974,0.880843,0.990934
shot_noise,s2,2,3561000,0.795202,0.872639,0.990189
shot_noise,s2,3,3561000,0.826888,0.896185,0.992482
shot_noise,s2,4,3561000,0.772249,0.854518,0.988157
shot_noise,s2,5,3561000,0.771460,0.853857,0.988204
shot_noise,s3,0,14128024,0.811442,0.887678,0.969175
shot_noise,s3,1,14128024,0.746015,0.839181,0.950004
shot_noise,s3,2,14128024,0.793714,0.875008,0.964896
shot_noise,s3,3,14128024,0.832884,0.902475,0.973923
shot_noise,s3,4,14128024,0.748460,0.841200,0.950195
shot_noise,s3,5,14128024,0.753789,0.845284,0.952223
shot_noise,s4,0,42030280,0.845480,0.913895,0.943862
shot_noise,s4,1,42030280,0.847753,0.915293,0.944890
shot_noise,s4,2,42030280,0.831189,0.905005,0.937375
shot_noise,s4,3,42030280,0.836884,0.908599,0.939650
shot_noise,s4,4,42030280,0.826838,0.902288,0.935142
shot_noise,s4,5,42030280,0.845692,0.914048,0.943708
shot_noise,s5,0,44485570,0.847687,0.917560,0.917626
shot_noise,s5,1,44485570,0.867842,0.929245,0.929263
shot_noise,s5,2,44485570,0.858950,0.924120,0.924173
shot_noise,s5,3,44485570,0.853593,0.921010,0.921067
shot_noise,s5,4,44485570,0.860088,0.924779,0.924820
shot_noise,s5,5,44485570,0.852062,0.920118,0.920176
