Citation Key,Times Cited,Category,Primary Sections,Description
kirillov2023sam,7,Foundation Models,"Introduction, Related Work, Methods, Discussion",Segment Anything Model (SAM) - 1B masks trained foundation model for universal segmentation
hu2021lora,5,PEFT,"Introduction, Related Work, Methods, Results",Low-Rank Adaptation (LoRA) - parameter-efficient fine-tuning via low-rank matrix decomposition
lin2014microsoft,4,Datasets,"Related Work, Methods, Data",Microsoft COCO dataset - 80 object categories with instance annotations
hendrycks2019benchmarking,4,Robustness,"Related Work, Discussion",ImageNet-C benchmark - 15 corruption types at 5 severities for robustness evaluation
chen2016xgboost,4,Classical ML,"Methods, Results",XGBoost - gradient boosting framework used in classical baseline
simonyan2014vgg,3,Classical CV,"Methods, Related Work",VGG16 architecture - frozen feature extractor for classical method
he2016resnet,3,Classical CV,"Methods, Related Work",ResNet architecture - deep residual learning
chen2018encoder,3,Segmentation,"Methods, Results, Discussion",DeepLabV3+ - encoder-decoder with atrous convolution for semantic segmentation
he2017mask,2,Segmentation,"Related Work, Discussion",Mask R-CNN - instance segmentation architecture
everingham2010pascal,2,Datasets,"Related Work",PASCAL VOC dataset - semantic segmentation benchmark
breiman2001random,2,Classical ML,"Methods",Random Forests - ensemble tree-based classifier
zhou2018unet++,1,Segmentation,"Discussion",U-Net++ - nested U-Net architecture for medical imaging
wang2023segment,1,Foundation Models,"Related Work",SAM adaptation research - domain-specific fine-tuning strategies
vaswani2017attention,1,Foundation Models,"Related Work",Transformer architecture - self-attention mechanisms for vision
tan2018survey,1,Transfer Learning,"Discussion",Transfer learning survey - explains hierarchical feature representations
shorten2019survey,1,Data Augmentation,"Methods",Image augmentation survey - data augmentation techniques
ronneberger2015unet,1,Segmentation,"Related Work",U-Net - pioneering encoder-decoder architecture for biomedical segmentation
recht2019imagenet,1,Robustness,"Related Work",ImageNet distribution shift study - overestimation of generalization
radford2021clip,1,Foundation Models,"Related Work",CLIP - vision-language model enabling zero-shot transfer
long2015fcn,1,Segmentation,"Related Work",Fully Convolutional Networks - end-to-end semantic segmentation
kohavi1995study,1,Evaluation,"Experimental Setup",Cross-validation methodology study
krahenbuhl2011efficient,1,Classical CV,"Methods",Efficient dense CRF - post-processing refinement for classical method
jha2020kvasir,2,Medical Imaging,"Results, Discussion",Kvasir-SEG dataset - colonoscopy polyp segmentation (cross-domain validation)
dosovitskiy2021vit,1,Foundation Models,"Related Work",Vision Transformer (ViT) - transformer architecture for image recognition
bommasani2021foundation,1,Foundation Models,"Related Work",Foundation models overview - zero-shot capabilities and fine-tuning
cheng2022masked,1,Segmentation,"Related Work",Mask2Former - transformer-based universal image segmentation
xie2021segformer,1,Segmentation,"Related Work",SegFormer - efficient transformer for semantic segmentation
houlsby2019adapters,1,PEFT,"Related Work",Adapter layers - alternative parameter-efficient fine-tuning method
li2021prefix,1,PEFT,"Related Work",Prefix tuning - continuous prompt optimization for generation
geirhos2019texture,1,Robustness,"Related Work",Texture bias study - CNNs rely on texture over shape
hendrycks2021natural,1,Robustness,"Related Work",Natural adversarial examples - out-of-distribution generalization
buslaev2020albumentations,1,Data Augmentation,"Methods",Albumentations library - fast image augmentation framework
deng2009imagenet,1,Datasets,"Related Work",ImageNet dataset - large-scale image classification benchmark
zhao2017pspnet,1,Segmentation,"Related Work",PSPNet - pyramid scene parsing network
kirillov2019panoptic,1,Segmentation,"Discussion",Panoptic segmentation - unified instance and semantic segmentation
